{"INFO": "Starting Training!", "_timestamp": 1669079677.6415987, "_runtime": 6.252892732620239, "_step": 0, "_wandb": {"runtime": 6}}