{"INFO": "Starting Training!", "_timestamp": 1669079806.2738545, "_runtime": 6.1151673793792725, "_step": 0, "_wandb": {"runtime": 6}}