{"INFO": "Starting Training!", "_timestamp": 1669079637.945618, "_runtime": 6.324731826782227, "_step": 0, "_wandb": {"runtime": 6}}