{"INFO": "Starting Training!", "_timestamp": 1669079383.4644647, "_runtime": 6.3053295612335205, "_step": 0, "_wandb": {"runtime": 6}}